customer_id,customer_name,email,city,state,signup_date
1,Customer_1,customer1@example.com,Mumbai,Delhi,2023-10-09
2,Customer_2,customer2@example.com,Hyderabad,Telangana,2023-05-23
3,Customer_3,customer3@example.com,Mumbai,West Bengal,2023-03-31
4,Customer_4,customer4@example.com,Ahmedabad,Rajasthan,2023-02-02
5,Customer_5,customer5@example.com,Delhi,Maharashtra,2023-08-12
6,Customer_6,customer6@example.com,Hyderabad,West Bengal,2024-09-08
7,Customer_7,customer7@example.com,Delhi,West Bengal,2023-07-23
8,Customer_8,customer8@example.com,Kolkata,Rajasthan,2023-08-14
9,Customer_9,customer9@example.com,Lucknow,Gujarat,2023-10-12
10,Customer_10,customer10@example.com,Delhi,Karnataka,2024-03-08
11,Customer_11,customer11@example.com,Pune,Tamil Nadu,2023-06-09
12,Customer_12,customer12@example.com,Hyderabad,Maharashtra,2023-04-15
13,Customer_13,customer13@example.com,Mumbai,Rajasthan,2023-04-10
14,Customer_14,customer14@example.com,Pune,Maharashtra,2024-09-10
15,Customer_15,customer15@example.com,Chennai,Delhi,2024-04-15
16,Customer_16,customer16@example.com,Kolkata,Maharashtra,2024-01-23
17,Customer_17,customer17@example.com,Mumbai,West Bengal,2023-10-28
18,Customer_18,customer18@example.com,Ahmedabad,Maharashtra,2024-08-14
19,Customer_19,customer19@example.com,Hyderabad,Maharashtra,2023-02-16
20,Customer_20,customer20@example.com,Hyderabad,Tamil Nadu,2023-03-23
21,Customer_21,customer21@example.com,Hyderabad,Maharashtra,2024-01-25
22,Customer_22,customer22@example.com,Chennai,Uttar Pradesh,2024-10-12
23,Customer_23,customer23@example.com,Pune,Karnataka,2024-01-15
24,Customer_24,customer24@example.com,Pune,Telangana,2024-11-17
25,Customer_25,customer25@example.com,Chennai,Maharashtra,2024-09-15
26,Customer_26,customer26@example.com,Bengaluru,West Bengal,2023-09-08
27,Customer_27,customer27@example.com,Bengaluru,Uttar Pradesh,2024-01-24
28,Customer_28,customer28@example.com,Chennai,West Bengal,2023-08-13
29,Customer_29,customer29@example.com,Pune,Delhi,2023-08-23
30,Customer_30,customer30@example.com,Delhi,Maharashtra,2024-02-15
31,Customer_31,customer31@example.com,Chennai,Maharashtra,2023-08-05
32,Customer_32,customer32@example.com,Ahmedabad,Maharashtra,2023-08-06
33,Customer_33,customer33@example.com,Lucknow,Rajasthan,2024-10-20
34,Customer_34,customer34@example.com,Lucknow,Karnataka,2023-09-29
35,Customer_35,customer35@example.com,Bengaluru,Telangana,2024-07-28
36,Customer_36,customer36@example.com,Kolkata,Tamil Nadu,2024-08-21
37,Customer_37,customer37@example.com,Jaipur,Gujarat,2024-02-13
38,Customer_38,customer38@example.com,Pune,Telangana,2023-05-22
39,Customer_39,customer39@example.com,Kolkata,Uttar Pradesh,2023-04-04
40,Customer_40,customer40@example.com,Delhi,Maharashtra,2023-06-06
41,Customer_41,customer41@example.com,Bengaluru,Rajasthan,2024-09-02
42,Customer_42,customer42@example.com,Mumbai,Rajasthan,2024-01-26
43,Customer_43,customer43@example.com,Ahmedabad,Uttar Pradesh,2024-06-25
44,Customer_44,customer44@example.com,Chennai,West Bengal,2023-01-12
45,Customer_45,customer45@example.com,Mumbai,West Bengal,2023-10-01
46,Customer_46,customer46@example.com,Pune,Maharashtra,2023-10-28
47,Customer_47,customer47@example.com,Jaipur,Karnataka,2024-04-09
48,Customer_48,customer48@example.com,Delhi,Tamil Nadu,2024-05-27
49,Customer_49,customer49@example.com,Bengaluru,West Bengal,2023-04-19
50,Customer_50,customer50@example.com,Chennai,West Bengal,2024-09-15
51,Customer_51,customer51@example.com,Hyderabad,Karnataka,2024-01-18
52,Customer_52,customer52@example.com,Bengaluru,West Bengal,2024-06-27
53,Customer_53,customer53@example.com,Delhi,Gujarat,2023-11-28
54,Customer_54,customer54@example.com,Lucknow,Delhi,2023-04-25
55,Customer_55,customer55@example.com,Pune,Tamil Nadu,2023-09-03
56,Customer_56,customer56@example.com,Delhi,Telangana,2024-08-03
57,Customer_57,customer57@example.com,Mumbai,Maharashtra,2024-05-12
58,Customer_58,customer58@example.com,Mumbai,West Bengal,2023-05-09
59,Customer_59,customer59@example.com,Bengaluru,Uttar Pradesh,2024-07-16
60,Customer_60,customer60@example.com,Bengaluru,Tamil Nadu,2024-06-24
61,Customer_61,customer61@example.com,Ahmedabad,Rajasthan,2023-08-05
62,Customer_62,customer62@example.com,Kolkata,Telangana,2023-11-16
63,Customer_63,customer63@example.com,Jaipur,Maharashtra,2024-03-24
64,Customer_64,customer64@example.com,Kolkata,Uttar Pradesh,2023-05-04
65,Customer_65,customer65@example.com,Hyderabad,Telangana,2023-03-07
66,Customer_66,customer66@example.com,Pune,Delhi,2024-08-25
67,Customer_67,customer67@example.com,Kolkata,Telangana,2024-08-25
68,Customer_68,customer68@example.com,Hyderabad,Delhi,2023-03-14
69,Customer_69,customer69@example.com,Delhi,Telangana,2023-03-11
70,Customer_70,customer70@example.com,Delhi,Maharashtra,2023-03-14
71,Customer_71,customer71@example.com,Kolkata,Telangana,2023-10-13
72,Customer_72,customer72@example.com,Lucknow,Telangana,2024-07-06
73,Customer_73,customer73@example.com,Bengaluru,Gujarat,2024-08-13
74,Customer_74,customer74@example.com,Lucknow,Telangana,2024-04-29
75,Customer_75,customer75@example.com,Jaipur,Telangana,2023-04-07
76,Customer_76,customer76@example.com,Mumbai,Rajasthan,2023-12-29
77,Customer_77,customer77@example.com,Jaipur,Rajasthan,2024-04-23
78,Customer_78,customer78@example.com,Delhi,Maharashtra,2023-03-04
79,Customer_79,customer79@example.com,Jaipur,Maharashtra,2023-04-22
80,Customer_80,customer80@example.com,Hyderabad,Telangana,2023-07-14
81,Customer_81,customer81@example.com,Kolkata,Uttar Pradesh,2023-05-24
82,Customer_82,customer82@example.com,Jaipur,Karnataka,2023-10-13
83,Customer_83,customer83@example.com,Lucknow,Telangana,2023-03-19
84,Customer_84,customer84@example.com,Lucknow,West Bengal,2023-04-11
85,Customer_85,customer85@example.com,Delhi,West Bengal,2023-01-16
86,Customer_86,customer86@example.com,Mumbai,Telangana,2023-06-20
87,Customer_87,customer87@example.com,Jaipur,Uttar Pradesh,2024-05-07
88,Customer_88,customer88@example.com,Hyderabad,Rajasthan,2023-03-02
89,Customer_89,customer89@example.com,Bengaluru,Rajasthan,2023-01-03
90,Customer_90,customer90@example.com,Jaipur,Tamil Nadu,2024-04-10
91,Customer_91,customer91@example.com,Chennai,Rajasthan,2024-07-23
92,Customer_92,customer92@example.com,Lucknow,Karnataka,2023-07-14
93,Customer_93,customer93@example.com,Chennai,Telangana,2023-03-01
94,Customer_94,customer94@example.com,Ahmedabad,West Bengal,2023-03-04
95,Customer_95,customer95@example.com,Pune,Delhi,2023-02-21
96,Customer_96,customer96@example.com,Ahmedabad,Uttar Pradesh,2024-05-29
97,Customer_97,customer97@example.com,Kolkata,Karnataka,2023-02-28
98,Customer_98,customer98@example.com,Kolkata,Maharashtra,2023-07-10
99,Customer_99,customer99@example.com,Mumbai,Gujarat,2023-03-11
100,Customer_100,customer100@example.com,Hyderabad,Rajasthan,2023-05-03
101,Customer_101,customer101@example.com,Ahmedabad,Telangana,2024-08-15
102,Customer_102,customer102@example.com,Ahmedabad,Delhi,2024-09-26
103,Customer_103,customer103@example.com,Mumbai,Rajasthan,2024-11-04
104,Customer_104,customer104@example.com,Ahmedabad,Gujarat,2024-06-19
105,Customer_105,customer105@example.com,Pune,Tamil Nadu,2023-07-29
106,Customer_106,customer106@example.com,Pune,Telangana,2023-09-29
107,Customer_107,customer107@example.com,Jaipur,Karnataka,2024-11-18
108,Customer_108,customer108@example.com,Chennai,Uttar Pradesh,2023-11-20
109,Customer_109,customer109@example.com,Mumbai,Delhi,2024-04-14
110,Customer_110,customer110@example.com,Ahmedabad,Gujarat,2023-04-13
111,Customer_111,customer111@example.com,Mumbai,West Bengal,2023-08-07
112,Customer_112,customer112@example.com,Kolkata,Tamil Nadu,2023-05-16
113,Customer_113,customer113@example.com,Pune,Maharashtra,2023-09-08
114,Customer_114,customer114@example.com,Pune,Tamil Nadu,2023-06-11
115,Customer_115,customer115@example.com,Lucknow,West Bengal,2023-11-06
116,Customer_116,customer116@example.com,Ahmedabad,West Bengal,2023-01-09
117,Customer_117,customer117@example.com,Kolkata,Tamil Nadu,2024-11-10
118,Customer_118,customer118@example.com,Mumbai,Karnataka,2023-09-28
119,Customer_119,customer119@example.com,Mumbai,Maharashtra,2024-07-20
120,Customer_120,customer120@example.com,Bengaluru,Tamil Nadu,2023-10-16
121,Customer_121,customer121@example.com,Ahmedabad,Telangana,2023-12-18
122,Customer_122,customer122@example.com,Hyderabad,Tamil Nadu,2024-06-01
123,Customer_123,customer123@example.com,Lucknow,Tamil Nadu,2023-02-22
124,Customer_124,customer124@example.com,Mumbai,Rajasthan,2023-10-11
125,Customer_125,customer125@example.com,Delhi,Delhi,2023-12-08
126,Customer_126,customer126@example.com,Bengaluru,Tamil Nadu,2023-06-15
127,Customer_127,customer127@example.com,Lucknow,West Bengal,2024-03-13
128,Customer_128,customer128@example.com,Kolkata,Delhi,2023-04-25
129,Customer_129,customer129@example.com,Mumbai,Karnataka,2024-07-12
130,Customer_130,customer130@example.com,Delhi,Maharashtra,2024-08-19
131,Customer_131,customer131@example.com,Kolkata,Karnataka,2024-03-16
132,Customer_132,customer132@example.com,Bengaluru,Delhi,2023-11-12
133,Customer_133,customer133@example.com,Pune,Delhi,2024-01-02
134,Customer_134,customer134@example.com,Hyderabad,Telangana,2024-11-13
135,Customer_135,customer135@example.com,Mumbai,Maharashtra,2024-07-27
136,Customer_136,customer136@example.com,Jaipur,Gujarat,2023-06-08
137,Customer_137,customer137@example.com,Hyderabad,Karnataka,2023-07-01
138,Customer_138,customer138@example.com,Jaipur,Delhi,2023-07-03
139,Customer_139,customer139@example.com,Pune,Rajasthan,2024-11-16
140,Customer_140,customer140@example.com,Hyderabad,Tamil Nadu,2023-06-13
141,Customer_141,customer141@example.com,Mumbai,Rajasthan,2023-02-09
142,Customer_142,customer142@example.com,Lucknow,Telangana,2023-07-24
143,Customer_143,customer143@example.com,Lucknow,Maharashtra,2023-11-09
144,Customer_144,customer144@example.com,Hyderabad,Telangana,2023-01-25
145,Customer_145,customer145@example.com,Hyderabad,Rajasthan,2023-12-03
146,Customer_146,customer146@example.com,Chennai,Maharashtra,2023-10-13
147,Customer_147,customer147@example.com,Pune,West Bengal,2024-02-14
148,Customer_148,customer148@example.com,Kolkata,Maharashtra,2023-01-29
149,Customer_149,customer149@example.com,Mumbai,Tamil Nadu,2023-07-02
150,Customer_150,customer150@example.com,Ahmedabad,Tamil Nadu,2023-02-09
151,Customer_151,customer151@example.com,Mumbai,Gujarat,2024-03-20
152,Customer_152,customer152@example.com,Pune,Maharashtra,2024-03-22
153,Customer_153,customer153@example.com,Ahmedabad,West Bengal,2023-04-29
154,Customer_154,customer154@example.com,Jaipur,Gujarat,2023-07-14
155,Customer_155,customer155@example.com,Chennai,Delhi,2024-03-22
156,Customer_156,customer156@example.com,Delhi,West Bengal,2024-07-05
157,Customer_157,customer157@example.com,Hyderabad,Maharashtra,2024-03-17
158,Customer_158,customer158@example.com,Mumbai,Maharashtra,2024-09-30
159,Customer_159,customer159@example.com,Pune,Maharashtra,2023-11-04
160,Customer_160,customer160@example.com,Kolkata,Tamil Nadu,2024-11-13
161,Customer_161,customer161@example.com,Jaipur,Maharashtra,2024-02-17
162,Customer_162,customer162@example.com,Chennai,West Bengal,2023-05-11
163,Customer_163,customer163@example.com,Hyderabad,Rajasthan,2024-11-11
164,Customer_164,customer164@example.com,Jaipur,Karnataka,2024-09-22
165,Customer_165,customer165@example.com,Ahmedabad,Tamil Nadu,2024-02-20
166,Customer_166,customer166@example.com,Kolkata,Delhi,2023-11-08
167,Customer_167,customer167@example.com,Chennai,Telangana,2024-03-16
168,Customer_168,customer168@example.com,Ahmedabad,Gujarat,2024-11-01
169,Customer_169,customer169@example.com,Pune,Uttar Pradesh,2024-03-28
170,Customer_170,customer170@example.com,Lucknow,Telangana,2024-06-07
171,Customer_171,customer171@example.com,Lucknow,Karnataka,2024-11-05
172,Customer_172,customer172@example.com,Mumbai,Tamil Nadu,2024-06-11
173,Customer_173,customer173@example.com,Ahmedabad,Maharashtra,2023-04-06
174,Customer_174,customer174@example.com,Hyderabad,Tamil Nadu,2023-08-19
175,Customer_175,customer175@example.com,Hyderabad,Karnataka,2023-01-26
176,Customer_176,customer176@example.com,Delhi,Telangana,2024-05-01
177,Customer_177,customer177@example.com,Ahmedabad,Maharashtra,2024-04-11
178,Customer_178,customer178@example.com,Jaipur,Gujarat,2023-07-19
179,Customer_179,customer179@example.com,Jaipur,Uttar Pradesh,2024-02-14
180,Customer_180,customer180@example.com,Hyderabad,Karnataka,2024-11-02
181,Customer_181,customer181@example.com,Delhi,Maharashtra,2024-03-11
182,Customer_182,customer182@example.com,Hyderabad,Karnataka,2024-06-14
183,Customer_183,customer183@example.com,Lucknow,Delhi,2024-07-24
184,Customer_184,customer184@example.com,Hyderabad,Maharashtra,2024-04-12
185,Customer_185,customer185@example.com,Bengaluru,Uttar Pradesh,2024-11-14
186,Customer_186,customer186@example.com,Kolkata,West Bengal,2024-09-01
187,Customer_187,customer187@example.com,Pune,Uttar Pradesh,2024-09-19
188,Customer_188,customer188@example.com,Kolkata,Rajasthan,2024-07-15
189,Customer_189,customer189@example.com,Lucknow,Karnataka,2024-05-01
190,Customer_190,customer190@example.com,Lucknow,Tamil Nadu,2023-09-11
191,Customer_191,customer191@example.com,Chennai,West Bengal,2024-05-11
192,Customer_192,customer192@example.com,Hyderabad,Tamil Nadu,2024-03-26
193,Customer_193,customer193@example.com,Mumbai,Tamil Nadu,2023-08-29
194,Customer_194,customer194@example.com,Chennai,Maharashtra,2023-11-24
195,Customer_195,customer195@example.com,Kolkata,Maharashtra,2023-05-22
196,Customer_196,customer196@example.com,Bengaluru,Telangana,2024-01-28
197,Customer_197,customer197@example.com,Bengaluru,Telangana,2023-03-07
198,Customer_198,customer198@example.com,Jaipur,Rajasthan,2023-12-05
199,Customer_199,customer199@example.com,Kolkata,Uttar Pradesh,2024-03-01
200,Customer_200,customer200@example.com,Delhi,Telangana,2024-03-06
201,Customer_201,customer201@example.com,Jaipur,Gujarat,2023-01-21
202,Customer_202,customer202@example.com,Ahmedabad,Rajasthan,2024-05-03
203,Customer_203,customer203@example.com,Delhi,Maharashtra,2023-11-02
204,Customer_204,customer204@example.com,Jaipur,Rajasthan,2024-07-05
205,Customer_205,customer205@example.com,Kolkata,Gujarat,2023-08-14
206,Customer_206,customer206@example.com,Lucknow,Telangana,2023-10-07
207,Customer_207,customer207@example.com,Jaipur,Uttar Pradesh,2023-01-30
208,Customer_208,customer208@example.com,Jaipur,Maharashtra,2024-11-15
209,Customer_209,customer209@example.com,Jaipur,Karnataka,2024-04-23
210,Customer_210,customer210@example.com,Bengaluru,Gujarat,2024-06-30
211,Customer_211,customer211@example.com,Delhi,Rajasthan,2024-08-29
212,Customer_212,customer212@example.com,Ahmedabad,Delhi,2023-03-27
213,Customer_213,customer213@example.com,Jaipur,Karnataka,2024-04-17
214,Customer_214,customer214@example.com,Bengaluru,Delhi,2023-09-24
215,Customer_215,customer215@example.com,Jaipur,Maharashtra,2023-08-05
216,Customer_216,customer216@example.com,Lucknow,Maharashtra,2023-12-12
217,Customer_217,customer217@example.com,Jaipur,Tamil Nadu,2024-03-07
218,Customer_218,customer218@example.com,Chennai,Maharashtra,2024-04-26
219,Customer_219,customer219@example.com,Delhi,West Bengal,2023-02-23
220,Customer_220,customer220@example.com,Pune,Telangana,2024-10-27
221,Customer_221,customer221@example.com,Mumbai,Delhi,2023-02-01
222,Customer_222,customer222@example.com,Hyderabad,Telangana,2023-01-21
223,Customer_223,customer223@example.com,Ahmedabad,Karnataka,2023-09-02
224,Customer_224,customer224@example.com,Bengaluru,Uttar Pradesh,2024-11-16
225,Customer_225,customer225@example.com,Mumbai,Gujarat,2023-08-12
226,Customer_226,customer226@example.com,Lucknow,Tamil Nadu,2024-01-13
227,Customer_227,customer227@example.com,Bengaluru,Gujarat,2024-09-13
228,Customer_228,customer228@example.com,Mumbai,Karnataka,2023-11-15
229,Customer_229,customer229@example.com,Mumbai,Gujarat,2023-01-27
230,Customer_230,customer230@example.com,Chennai,Gujarat,2024-11-24
231,Customer_231,customer231@example.com,Jaipur,Rajasthan,2023-07-23
232,Customer_232,customer232@example.com,Mumbai,Gujarat,2024-10-04
233,Customer_233,customer233@example.com,Hyderabad,Maharashtra,2023-11-05
234,Customer_234,customer234@example.com,Ahmedabad,Maharashtra,2024-08-02
235,Customer_235,customer235@example.com,Delhi,Maharashtra,2024-06-29
236,Customer_236,customer236@example.com,Jaipur,Maharashtra,2023-03-12
237,Customer_237,customer237@example.com,Kolkata,Maharashtra,2023-01-13
238,Customer_238,customer238@example.com,Jaipur,Uttar Pradesh,2023-04-19
239,Customer_239,customer239@example.com,Jaipur,Maharashtra,2024-10-12
240,Customer_240,customer240@example.com,Lucknow,Karnataka,2024-03-21
241,Customer_241,customer241@example.com,Bengaluru,West Bengal,2024-10-28
242,Customer_242,customer242@example.com,Chennai,Gujarat,2024-07-05
243,Customer_243,customer243@example.com,Lucknow,Uttar Pradesh,2024-03-22
244,Customer_244,customer244@example.com,Ahmedabad,Tamil Nadu,2023-11-27
245,Customer_245,customer245@example.com,Hyderabad,Maharashtra,2023-10-13
246,Customer_246,customer246@example.com,Lucknow,Telangana,2024-04-20
247,Customer_247,customer247@example.com,Ahmedabad,Gujarat,2024-11-15
248,Customer_248,customer248@example.com,Jaipur,Maharashtra,2023-01-30
249,Customer_249,customer249@example.com,Lucknow,Maharashtra,2023-07-06
250,Customer_250,customer250@example.com,Lucknow,Telangana,2023-12-30
251,Customer_251,customer251@example.com,Chennai,Maharashtra,2023-10-14
252,Customer_252,customer252@example.com,Ahmedabad,Tamil Nadu,2024-07-23
253,Customer_253,customer253@example.com,Delhi,West Bengal,2023-07-15
254,Customer_254,customer254@example.com,Mumbai,Telangana,2024-02-21
255,Customer_255,customer255@example.com,Lucknow,West Bengal,2023-09-04
256,Customer_256,customer256@example.com,Lucknow,Uttar Pradesh,2024-04-03
257,Customer_257,customer257@example.com,Delhi,Maharashtra,2023-10-29
258,Customer_258,customer258@example.com,Hyderabad,Rajasthan,2023-09-07
259,Customer_259,customer259@example.com,Chennai,Gujarat,2024-01-13
260,Customer_260,customer260@example.com,Lucknow,West Bengal,2024-06-27
261,Customer_261,customer261@example.com,Pune,Rajasthan,2024-07-17
262,Customer_262,customer262@example.com,Pune,Maharashtra,2024-04-09
263,Customer_263,customer263@example.com,Chennai,Tamil Nadu,2023-09-15
264,Customer_264,customer264@example.com,Hyderabad,Maharashtra,2023-07-17
265,Customer_265,customer265@example.com,Pune,Maharashtra,2024-07-02
266,Customer_266,customer266@example.com,Bengaluru,Telangana,2023-08-10
267,Customer_267,customer267@example.com,Lucknow,Tamil Nadu,2024-08-26
268,Customer_268,customer268@example.com,Kolkata,Gujarat,2023-10-17
269,Customer_269,customer269@example.com,Mumbai,Telangana,2023-10-31
270,Customer_270,customer270@example.com,Hyderabad,Maharashtra,2023-07-03
271,Customer_271,customer271@example.com,Chennai,Delhi,2024-06-30
272,Customer_272,customer272@example.com,Bengaluru,Tamil Nadu,2023-02-16
273,Customer_273,customer273@example.com,Delhi,West Bengal,2023-10-27
274,Customer_274,customer274@example.com,Bengaluru,Uttar Pradesh,2023-04-16
275,Customer_275,customer275@example.com,Delhi,Gujarat,2023-10-19
276,Customer_276,customer276@example.com,Lucknow,Uttar Pradesh,2024-03-27
277,Customer_277,customer277@example.com,Pune,Karnataka,2023-02-22
278,Customer_278,customer278@example.com,Chennai,Uttar Pradesh,2023-04-27
279,Customer_279,customer279@example.com,Mumbai,Rajasthan,2024-05-18
280,Customer_280,customer280@example.com,Mumbai,Gujarat,2024-10-06
281,Customer_281,customer281@example.com,Delhi,Karnataka,2023-06-02
282,Customer_282,customer282@example.com,Ahmedabad,Tamil Nadu,2023-03-29
283,Customer_283,customer283@example.com,Hyderabad,Maharashtra,2024-07-25
284,Customer_284,customer284@example.com,Jaipur,Gujarat,2024-09-02
285,Customer_285,customer285@example.com,Ahmedabad,Telangana,2024-06-19
286,Customer_286,customer286@example.com,Jaipur,Uttar Pradesh,2024-03-29
287,Customer_287,customer287@example.com,Chennai,Gujarat,2024-03-15
288,Customer_288,customer288@example.com,Chennai,Gujarat,2024-09-27
289,Customer_289,customer289@example.com,Delhi,Gujarat,2023-04-12
290,Customer_290,customer290@example.com,Hyderabad,Telangana,2023-09-28
291,Customer_291,customer291@example.com,Mumbai,Karnataka,2023-09-03
292,Customer_292,customer292@example.com,Bengaluru,West Bengal,2023-03-18
293,Customer_293,customer293@example.com,Bengaluru,Delhi,2024-02-23
294,Customer_294,customer294@example.com,Lucknow,Gujarat,2024-04-26
295,Customer_295,customer295@example.com,Chennai,Delhi,2023-08-26
296,Customer_296,customer296@example.com,Chennai,Tamil Nadu,2024-04-09
297,Customer_297,customer297@example.com,Mumbai,Telangana,2023-09-28
298,Customer_298,customer298@example.com,Ahmedabad,Telangana,2024-03-11
299,Customer_299,customer299@example.com,Mumbai,West Bengal,2023-08-19
300,Customer_300,customer300@example.com,Bengaluru,Tamil Nadu,2023-05-26
301,Customer_301,customer301@example.com,Mumbai,Delhi,2023-06-19
302,Customer_302,customer302@example.com,Chennai,Gujarat,2024-08-05
303,Customer_303,customer303@example.com,Chennai,Uttar Pradesh,2023-05-08
304,Customer_304,customer304@example.com,Lucknow,Tamil Nadu,2024-02-17
305,Customer_305,customer305@example.com,Chennai,West Bengal,2024-07-06
306,Customer_306,customer306@example.com,Lucknow,Uttar Pradesh,2023-03-24
307,Customer_307,customer307@example.com,Ahmedabad,Delhi,2024-03-18
308,Customer_308,customer308@example.com,Pune,Gujarat,2023-09-14
309,Customer_309,customer309@example.com,Delhi,Maharashtra,2023-08-23
310,Customer_310,customer310@example.com,Ahmedabad,Gujarat,2023-01-22
311,Customer_311,customer311@example.com,Chennai,Gujarat,2023-02-11
312,Customer_312,customer312@example.com,Bengaluru,Uttar Pradesh,2024-06-15
313,Customer_313,customer313@example.com,Lucknow,Tamil Nadu,2023-07-05
314,Customer_314,customer314@example.com,Ahmedabad,Rajasthan,2024-10-12
315,Customer_315,customer315@example.com,Lucknow,Maharashtra,2024-04-26
316,Customer_316,customer316@example.com,Pune,Rajasthan,2023-12-08
317,Customer_317,customer317@example.com,Pune,Maharashtra,2023-06-14
318,Customer_318,customer318@example.com,Pune,Rajasthan,2024-05-22
319,Customer_319,customer319@example.com,Chennai,Rajasthan,2024-07-17
320,Customer_320,customer320@example.com,Delhi,Uttar Pradesh,2023-04-01
321,Customer_321,customer321@example.com,Pune,Tamil Nadu,2023-11-28
322,Customer_322,customer322@example.com,Mumbai,Rajasthan,2024-06-10
323,Customer_323,customer323@example.com,Delhi,West Bengal,2024-04-18
324,Customer_324,customer324@example.com,Jaipur,Delhi,2023-07-12
325,Customer_325,customer325@example.com,Kolkata,Maharashtra,2024-09-29
326,Customer_326,customer326@example.com,Lucknow,Uttar Pradesh,2023-02-22
327,Customer_327,customer327@example.com,Hyderabad,Tamil Nadu,2024-07-16
328,Customer_328,customer328@example.com,Bengaluru,Tamil Nadu,2024-03-24
329,Customer_329,customer329@example.com,Lucknow,Maharashtra,2023-01-30
330,Customer_330,customer330@example.com,Ahmedabad,Telangana,2023-06-12
331,Customer_331,customer331@example.com,Chennai,West Bengal,2023-01-15
332,Customer_332,customer332@example.com,Kolkata,Rajasthan,2023-04-06
333,Customer_333,customer333@example.com,Hyderabad,Maharashtra,2024-04-17
334,Customer_334,customer334@example.com,Mumbai,Karnataka,2024-05-25
335,Customer_335,customer335@example.com,Chennai,West Bengal,2023-10-07
336,Customer_336,customer336@example.com,Jaipur,Uttar Pradesh,2024-04-28
337,Customer_337,customer337@example.com,Hyderabad,Uttar Pradesh,2024-07-18
338,Customer_338,customer338@example.com,Bengaluru,Rajasthan,2023-07-15
339,Customer_339,customer339@example.com,Ahmedabad,West Bengal,2023-05-20
340,Customer_340,customer340@example.com,Mumbai,Tamil Nadu,2024-02-29
341,Customer_341,customer341@example.com,Pune,West Bengal,2023-10-01
342,Customer_342,customer342@example.com,Delhi,Tamil Nadu,2023-11-02
343,Customer_343,customer343@example.com,Ahmedabad,Gujarat,2024-11-06
344,Customer_344,customer344@example.com,Lucknow,Karnataka,2024-04-02
345,Customer_345,customer345@example.com,Kolkata,Uttar Pradesh,2023-12-20
346,Customer_346,customer346@example.com,Pune,West Bengal,2024-07-10
347,Customer_347,customer347@example.com,Jaipur,Uttar Pradesh,2023-11-26
348,Customer_348,customer348@example.com,Hyderabad,Telangana,2024-08-08
349,Customer_349,customer349@example.com,Jaipur,Telangana,2024-02-25
350,Customer_350,customer350@example.com,Delhi,Maharashtra,2024-04-29
351,Customer_351,customer351@example.com,Jaipur,Rajasthan,2024-11-10
352,Customer_352,customer352@example.com,Bengaluru,Uttar Pradesh,2023-02-07
353,Customer_353,customer353@example.com,Bengaluru,West Bengal,2024-08-27
354,Customer_354,customer354@example.com,Pune,Maharashtra,2024-03-26
355,Customer_355,customer355@example.com,Mumbai,West Bengal,2024-04-12
356,Customer_356,customer356@example.com,Delhi,Karnataka,2024-02-24
357,Customer_357,customer357@example.com,Bengaluru,Maharashtra,2024-04-25
358,Customer_358,customer358@example.com,Chennai,Maharashtra,2024-09-30
359,Customer_359,customer359@example.com,Jaipur,Maharashtra,2023-12-03
360,Customer_360,customer360@example.com,Kolkata,Rajasthan,2023-11-21
361,Customer_361,customer361@example.com,Lucknow,West Bengal,2023-02-06
362,Customer_362,customer362@example.com,Ahmedabad,Maharashtra,2023-08-29
363,Customer_363,customer363@example.com,Chennai,Telangana,2023-04-03
364,Customer_364,customer364@example.com,Jaipur,Maharashtra,2024-10-10
365,Customer_365,customer365@example.com,Mumbai,Uttar Pradesh,2023-06-20
366,Customer_366,customer366@example.com,Chennai,Delhi,2023-02-17
367,Customer_367,customer367@example.com,Pune,Delhi,2023-10-28
368,Customer_368,customer368@example.com,Pune,Maharashtra,2024-03-17
369,Customer_369,customer369@example.com,Bengaluru,Telangana,2024-06-27
370,Customer_370,customer370@example.com,Jaipur,Gujarat,2024-11-29
371,Customer_371,customer371@example.com,Bengaluru,Karnataka,2023-06-29
372,Customer_372,customer372@example.com,Mumbai,Gujarat,2024-01-27
373,Customer_373,customer373@example.com,Ahmedabad,Telangana,2024-05-24
374,Customer_374,customer374@example.com,Ahmedabad,Karnataka,2023-08-26
375,Customer_375,customer375@example.com,Lucknow,Tamil Nadu,2024-04-15
376,Customer_376,customer376@example.com,Chennai,Delhi,2024-04-21
377,Customer_377,customer377@example.com,Chennai,West Bengal,2023-06-11
378,Customer_378,customer378@example.com,Mumbai,Uttar Pradesh,2023-12-20
379,Customer_379,customer379@example.com,Ahmedabad,Tamil Nadu,2024-10-16
380,Customer_380,customer380@example.com,Jaipur,Tamil Nadu,2024-04-12
381,Customer_381,customer381@example.com,Chennai,Telangana,2024-01-29
382,Customer_382,customer382@example.com,Lucknow,Maharashtra,2023-08-31
383,Customer_383,customer383@example.com,Jaipur,Gujarat,2024-01-03
384,Customer_384,customer384@example.com,Ahmedabad,Tamil Nadu,2023-10-30
385,Customer_385,customer385@example.com,Delhi,Rajasthan,2023-10-09
386,Customer_386,customer386@example.com,Delhi,Gujarat,2023-02-20
387,Customer_387,customer387@example.com,Ahmedabad,Uttar Pradesh,2023-10-21
388,Customer_388,customer388@example.com,Hyderabad,Gujarat,2023-12-27
389,Customer_389,customer389@example.com,Hyderabad,Telangana,2024-09-27
390,Customer_390,customer390@example.com,Chennai,Karnataka,2024-10-05
391,Customer_391,customer391@example.com,Mumbai,Delhi,2023-11-13
392,Customer_392,customer392@example.com,Lucknow,Delhi,2024-08-16
393,Customer_393,customer393@example.com,Pune,Karnataka,2023-04-03
394,Customer_394,customer394@example.com,Chennai,Maharashtra,2024-03-01
395,Customer_395,customer395@example.com,Bengaluru,Telangana,2023-05-16
396,Customer_396,customer396@example.com,Kolkata,Maharashtra,2024-06-27
397,Customer_397,customer397@example.com,Kolkata,Tamil Nadu,2023-06-18
398,Customer_398,customer398@example.com,Chennai,Uttar Pradesh,2023-10-30
399,Customer_399,customer399@example.com,Pune,Maharashtra,2024-04-24
400,Customer_400,customer400@example.com,Mumbai,Karnataka,2023-08-20
401,Customer_401,customer401@example.com,Jaipur,West Bengal,2024-01-10
402,Customer_402,customer402@example.com,Mumbai,Rajasthan,2023-01-15
403,Customer_403,customer403@example.com,Chennai,West Bengal,2023-05-07
404,Customer_404,customer404@example.com,Lucknow,Maharashtra,2024-11-19
405,Customer_405,customer405@example.com,Chennai,Gujarat,2024-01-26
406,Customer_406,customer406@example.com,Pune,Maharashtra,2024-11-22
407,Customer_407,customer407@example.com,Hyderabad,Uttar Pradesh,2023-01-26
408,Customer_408,customer408@example.com,Ahmedabad,West Bengal,2023-12-02
409,Customer_409,customer409@example.com,Ahmedabad,Telangana,2024-10-25
410,Customer_410,customer410@example.com,Mumbai,Uttar Pradesh,2023-11-06
411,Customer_411,customer411@example.com,Jaipur,Maharashtra,2023-05-24
412,Customer_412,customer412@example.com,Delhi,Delhi,2023-11-08
413,Customer_413,customer413@example.com,Lucknow,Maharashtra,2023-04-10
414,Customer_414,customer414@example.com,Hyderabad,West Bengal,2023-05-19
415,Customer_415,customer415@example.com,Jaipur,Uttar Pradesh,2024-01-15
416,Customer_416,customer416@example.com,Kolkata,Rajasthan,2024-08-24
417,Customer_417,customer417@example.com,Bengaluru,Rajasthan,2024-11-01
418,Customer_418,customer418@example.com,Mumbai,Uttar Pradesh,2024-09-22
419,Customer_419,customer419@example.com,Jaipur,Tamil Nadu,2023-02-03
420,Customer_420,customer420@example.com,Pune,Telangana,2024-03-30
421,Customer_421,customer421@example.com,Lucknow,Telangana,2024-01-07
422,Customer_422,customer422@example.com,Mumbai,Maharashtra,2024-07-11
423,Customer_423,customer423@example.com,Pune,Delhi,2024-02-12
424,Customer_424,customer424@example.com,Chennai,Telangana,2023-05-06
425,Customer_425,customer425@example.com,Lucknow,Maharashtra,2024-11-09
426,Customer_426,customer426@example.com,Hyderabad,Gujarat,2023-01-22
427,Customer_427,customer427@example.com,Delhi,Maharashtra,2023-09-07
428,Customer_428,customer428@example.com,Bengaluru,Gujarat,2023-07-30
429,Customer_429,customer429@example.com,Mumbai,West Bengal,2023-08-01
430,Customer_430,customer430@example.com,Ahmedabad,Telangana,2023-08-27
431,Customer_431,customer431@example.com,Pune,Karnataka,2024-09-02
432,Customer_432,customer432@example.com,Delhi,Tamil Nadu,2023-05-29
433,Customer_433,customer433@example.com,Bengaluru,West Bengal,2023-09-14
434,Customer_434,customer434@example.com,Bengaluru,Maharashtra,2024-11-07
435,Customer_435,customer435@example.com,Delhi,Karnataka,2023-01-16
436,Customer_436,customer436@example.com,Pune,Telangana,2024-08-25
437,Customer_437,customer437@example.com,Pune,Delhi,2023-06-28
438,Customer_438,customer438@example.com,Chennai,Delhi,2023-05-10
439,Customer_439,customer439@example.com,Jaipur,West Bengal,2023-04-27
440,Customer_440,customer440@example.com,Mumbai,Uttar Pradesh,2024-04-04
441,Customer_441,customer441@example.com,Pune,West Bengal,2024-08-30
442,Customer_442,customer442@example.com,Mumbai,Uttar Pradesh,2024-05-30
443,Customer_443,customer443@example.com,Hyderabad,Gujarat,2023-02-14
444,Customer_444,customer444@example.com,Kolkata,Tamil Nadu,2024-04-14
445,Customer_445,customer445@example.com,Delhi,Delhi,2024-05-05
446,Customer_446,customer446@example.com,Jaipur,Rajasthan,2023-04-21
447,Customer_447,customer447@example.com,Lucknow,Uttar Pradesh,2023-03-17
448,Customer_448,customer448@example.com,Mumbai,Maharashtra,2024-09-14
449,Customer_449,customer449@example.com,Bengaluru,Maharashtra,2023-05-10
450,Customer_450,customer450@example.com,Chennai,Gujarat,2024-10-10
451,Customer_451,customer451@example.com,Ahmedabad,West Bengal,2023-11-29
452,Customer_452,customer452@example.com,Jaipur,Gujarat,2024-06-27
453,Customer_453,customer453@example.com,Chennai,Uttar Pradesh,2024-06-01
454,Customer_454,customer454@example.com,Ahmedabad,Rajasthan,2023-04-12
455,Customer_455,customer455@example.com,Mumbai,West Bengal,2023-08-09
456,Customer_456,customer456@example.com,Jaipur,Uttar Pradesh,2023-08-22
457,Customer_457,customer457@example.com,Jaipur,Maharashtra,2024-04-09
458,Customer_458,customer458@example.com,Jaipur,Rajasthan,2023-04-08
459,Customer_459,customer459@example.com,Pune,Rajasthan,2023-11-17
460,Customer_460,customer460@example.com,Chennai,Maharashtra,2023-06-06
461,Customer_461,customer461@example.com,Lucknow,Maharashtra,2023-04-04
462,Customer_462,customer462@example.com,Mumbai,Maharashtra,2024-03-18
463,Customer_463,customer463@example.com,Mumbai,Maharashtra,2023-05-14
464,Customer_464,customer464@example.com,Kolkata,Delhi,2024-08-23
465,Customer_465,customer465@example.com,Kolkata,West Bengal,2023-12-04
466,Customer_466,customer466@example.com,Mumbai,Rajasthan,2023-12-29
467,Customer_467,customer467@example.com,Jaipur,Delhi,2023-10-22
468,Customer_468,customer468@example.com,Ahmedabad,Tamil Nadu,2023-12-27
469,Customer_469,customer469@example.com,Mumbai,Gujarat,2024-06-03
470,Customer_470,customer470@example.com,Hyderabad,Karnataka,2024-11-03
471,Customer_471,customer471@example.com,Lucknow,Telangana,2023-04-21
472,Customer_472,customer472@example.com,Pune,West Bengal,2024-01-12
473,Customer_473,customer473@example.com,Mumbai,Tamil Nadu,2024-08-10
474,Customer_474,customer474@example.com,Hyderabad,Rajasthan,2024-07-28
475,Customer_475,customer475@example.com,Ahmedabad,Gujarat,2024-11-22
476,Customer_476,customer476@example.com,Kolkata,Delhi,2024-09-15
477,Customer_477,customer477@example.com,Chennai,Delhi,2023-07-04
478,Customer_478,customer478@example.com,Chennai,Tamil Nadu,2023-12-14
479,Customer_479,customer479@example.com,Pune,Delhi,2023-07-05
480,Customer_480,customer480@example.com,Bengaluru,Gujarat,2024-11-04
481,Customer_481,customer481@example.com,Jaipur,Maharashtra,2023-05-26
482,Customer_482,customer482@example.com,Delhi,Maharashtra,2024-06-27
483,Customer_483,customer483@example.com,Hyderabad,Rajasthan,2024-03-05
484,Customer_484,customer484@example.com,Lucknow,Maharashtra,2023-06-11
485,Customer_485,customer485@example.com,Pune,Tamil Nadu,2023-11-29
486,Customer_486,customer486@example.com,Ahmedabad,Gujarat,2023-03-28
487,Customer_487,customer487@example.com,Delhi,Karnataka,2023-06-11
488,Customer_488,customer488@example.com,Ahmedabad,Delhi,2024-11-21
489,Customer_489,customer489@example.com,Mumbai,Tamil Nadu,2024-03-29
490,Customer_490,customer490@example.com,Jaipur,Uttar Pradesh,2024-09-13
491,Customer_491,customer491@example.com,Lucknow,Rajasthan,2023-10-07
492,Customer_492,customer492@example.com,Hyderabad,West Bengal,2023-04-27
493,Customer_493,customer493@example.com,Pune,Rajasthan,2023-04-24
494,Customer_494,customer494@example.com,Chennai,Gujarat,2024-05-13
495,Customer_495,customer495@example.com,Kolkata,Tamil Nadu,2023-02-16
496,Customer_496,customer496@example.com,Hyderabad,Rajasthan,2024-09-05
497,Customer_497,customer497@example.com,Delhi,Delhi,2023-07-29
498,Customer_498,customer498@example.com,Chennai,Telangana,2023-05-21
499,Customer_499,customer499@example.com,Chennai,Tamil Nadu,2023-12-02
500,Customer_500,customer500@example.com,Mumbai,Delhi,2024-05-24
501,Customer_501,customer501@example.com,Jaipur,Karnataka,2023-05-13
502,Customer_502,customer502@example.com,Jaipur,West Bengal,2023-08-24
503,Customer_503,customer503@example.com,Kolkata,West Bengal,2024-11-15
504,Customer_504,customer504@example.com,Pune,Maharashtra,2024-02-11
505,Customer_505,customer505@example.com,Delhi,Rajasthan,2023-01-20
506,Customer_506,customer506@example.com,Lucknow,Maharashtra,2023-11-17
507,Customer_507,customer507@example.com,Ahmedabad,Rajasthan,2024-08-10
508,Customer_508,customer508@example.com,Jaipur,Rajasthan,2023-10-24
509,Customer_509,customer509@example.com,Mumbai,Rajasthan,2023-01-22
510,Customer_510,customer510@example.com,Pune,Karnataka,2024-09-24
511,Customer_511,customer511@example.com,Lucknow,Maharashtra,2023-04-01
512,Customer_512,customer512@example.com,Jaipur,Maharashtra,2023-09-07
513,Customer_513,customer513@example.com,Jaipur,Gujarat,2024-02-15
514,Customer_514,customer514@example.com,Kolkata,Maharashtra,2024-02-10
515,Customer_515,customer515@example.com,Chennai,Maharashtra,2023-08-15
516,Customer_516,customer516@example.com,Pune,Karnataka,2023-03-20
517,Customer_517,customer517@example.com,Kolkata,Maharashtra,2024-06-27
518,Customer_518,customer518@example.com,Kolkata,Telangana,2023-12-24
519,Customer_519,customer519@example.com,Pune,Karnataka,2023-08-30
520,Customer_520,customer520@example.com,Mumbai,Karnataka,2023-09-20
521,Customer_521,customer521@example.com,Hyderabad,Karnataka,2024-09-08
522,Customer_522,customer522@example.com,Bengaluru,Maharashtra,2023-07-01
523,Customer_523,customer523@example.com,Lucknow,Uttar Pradesh,2024-07-31
524,Customer_524,customer524@example.com,Ahmedabad,Uttar Pradesh,2024-11-28
525,Customer_525,customer525@example.com,Ahmedabad,Gujarat,2023-11-27
526,Customer_526,customer526@example.com,Pune,Karnataka,2024-03-26
527,Customer_527,customer527@example.com,Mumbai,Uttar Pradesh,2024-03-28
528,Customer_528,customer528@example.com,Chennai,Tamil Nadu,2024-08-28
529,Customer_529,customer529@example.com,Delhi,Maharashtra,2024-06-03
530,Customer_530,customer530@example.com,Mumbai,Tamil Nadu,2024-04-17
531,Customer_531,customer531@example.com,Lucknow,Delhi,2023-02-28
532,Customer_532,customer532@example.com,Pune,Tamil Nadu,2023-03-20
533,Customer_533,customer533@example.com,Mumbai,Gujarat,2024-08-31
534,Customer_534,customer534@example.com,Kolkata,Rajasthan,2024-04-18
535,Customer_535,customer535@example.com,Ahmedabad,West Bengal,2023-02-12
536,Customer_536,customer536@example.com,Lucknow,Gujarat,2024-10-29
537,Customer_537,customer537@example.com,Hyderabad,Maharashtra,2024-09-11
538,Customer_538,customer538@example.com,Lucknow,West Bengal,2023-06-04
539,Customer_539,customer539@example.com,Delhi,Uttar Pradesh,2023-04-16
540,Customer_540,customer540@example.com,Pune,Maharashtra,2024-05-31
541,Customer_541,customer541@example.com,Bengaluru,Delhi,2023-09-11
542,Customer_542,customer542@example.com,Lucknow,Uttar Pradesh,2024-06-20
543,Customer_543,customer543@example.com,Kolkata,Gujarat,2023-06-12
544,Customer_544,customer544@example.com,Pune,Maharashtra,2023-10-17
545,Customer_545,customer545@example.com,Jaipur,Rajasthan,2023-12-13
546,Customer_546,customer546@example.com,Ahmedabad,Delhi,2024-10-08
547,Customer_547,customer547@example.com,Pune,Maharashtra,2023-12-04
548,Customer_548,customer548@example.com,Mumbai,West Bengal,2024-11-25
549,Customer_549,customer549@example.com,Jaipur,Tamil Nadu,2023-09-16
550,Customer_550,customer550@example.com,Ahmedabad,Karnataka,2023-12-08
551,Customer_551,customer551@example.com,Mumbai,Gujarat,2024-11-10
552,Customer_552,customer552@example.com,Bengaluru,Maharashtra,2023-11-14
553,Customer_553,customer553@example.com,Jaipur,Karnataka,2024-09-01
554,Customer_554,customer554@example.com,Mumbai,Tamil Nadu,2024-07-26
555,Customer_555,customer555@example.com,Jaipur,Maharashtra,2023-05-11
556,Customer_556,customer556@example.com,Kolkata,Maharashtra,2024-10-23
557,Customer_557,customer557@example.com,Jaipur,West Bengal,2024-01-06
558,Customer_558,customer558@example.com,Delhi,Maharashtra,2023-11-13
559,Customer_559,customer559@example.com,Bengaluru,Telangana,2023-12-16
560,Customer_560,customer560@example.com,Lucknow,Telangana,2023-08-20
561,Customer_561,customer561@example.com,Bengaluru,Karnataka,2023-03-21
562,Customer_562,customer562@example.com,Chennai,Maharashtra,2024-06-03
563,Customer_563,customer563@example.com,Kolkata,West Bengal,2023-02-08
564,Customer_564,customer564@example.com,Pune,Gujarat,2023-05-15
565,Customer_565,customer565@example.com,Ahmedabad,Rajasthan,2023-06-07
566,Customer_566,customer566@example.com,Bengaluru,Karnataka,2024-10-01
567,Customer_567,customer567@example.com,Bengaluru,Uttar Pradesh,2023-02-14
568,Customer_568,customer568@example.com,Jaipur,Maharashtra,2024-11-23
569,Customer_569,customer569@example.com,Hyderabad,Uttar Pradesh,2024-09-17
570,Customer_570,customer570@example.com,Chennai,Uttar Pradesh,2023-08-28
571,Customer_571,customer571@example.com,Kolkata,Telangana,2023-11-13
572,Customer_572,customer572@example.com,Lucknow,Telangana,2024-01-12
573,Customer_573,customer573@example.com,Ahmedabad,Uttar Pradesh,2024-04-17
574,Customer_574,customer574@example.com,Chennai,Rajasthan,2024-05-29
575,Customer_575,customer575@example.com,Kolkata,Rajasthan,2023-06-15
576,Customer_576,customer576@example.com,Hyderabad,Gujarat,2023-05-22
577,Customer_577,customer577@example.com,Chennai,Delhi,2024-10-18
578,Customer_578,customer578@example.com,Lucknow,Maharashtra,2024-07-21
579,Customer_579,customer579@example.com,Mumbai,West Bengal,2023-05-08
580,Customer_580,customer580@example.com,Chennai,Maharashtra,2023-06-14
581,Customer_581,customer581@example.com,Chennai,Uttar Pradesh,2024-06-09
582,Customer_582,customer582@example.com,Bengaluru,Rajasthan,2023-04-04
583,Customer_583,customer583@example.com,Hyderabad,Uttar Pradesh,2023-12-24
584,Customer_584,customer584@example.com,Delhi,Rajasthan,2023-02-24
585,Customer_585,customer585@example.com,Jaipur,West Bengal,2024-01-18
586,Customer_586,customer586@example.com,Hyderabad,Rajasthan,2023-03-25
587,Customer_587,customer587@example.com,Pune,Telangana,2023-01-29
588,Customer_588,customer588@example.com,Pune,Maharashtra,2024-10-27
589,Customer_589,customer589@example.com,Pune,Karnataka,2023-05-21
590,Customer_590,customer590@example.com,Delhi,Tamil Nadu,2024-04-28
591,Customer_591,customer591@example.com,Bengaluru,Uttar Pradesh,2024-04-04
592,Customer_592,customer592@example.com,Ahmedabad,Delhi,2023-03-23
593,Customer_593,customer593@example.com,Delhi,Tamil Nadu,2023-08-09
594,Customer_594,customer594@example.com,Bengaluru,West Bengal,2024-09-15
595,Customer_595,customer595@example.com,Kolkata,Rajasthan,2023-04-24
596,Customer_596,customer596@example.com,Chennai,Telangana,2023-11-05
597,Customer_597,customer597@example.com,Mumbai,Delhi,2023-09-02
598,Customer_598,customer598@example.com,Jaipur,Gujarat,2024-04-13
599,Customer_599,customer599@example.com,Mumbai,Maharashtra,2024-05-26
600,Customer_600,customer600@example.com,Ahmedabad,West Bengal,2023-01-17
601,Customer_601,customer601@example.com,Kolkata,Gujarat,2023-09-05
602,Customer_602,customer602@example.com,Bengaluru,Tamil Nadu,2024-03-15
603,Customer_603,customer603@example.com,Delhi,Gujarat,2023-12-28
604,Customer_604,customer604@example.com,Hyderabad,Gujarat,2024-03-02
605,Customer_605,customer605@example.com,Bengaluru,Maharashtra,2024-06-20
606,Customer_606,customer606@example.com,Pune,Maharashtra,2024-06-22
607,Customer_607,customer607@example.com,Kolkata,West Bengal,2024-06-03
608,Customer_608,customer608@example.com,Kolkata,Delhi,2024-02-04
609,Customer_609,customer609@example.com,Lucknow,Delhi,2024-10-12
610,Customer_610,customer610@example.com,Jaipur,Maharashtra,2023-09-17
611,Customer_611,customer611@example.com,Delhi,Maharashtra,2023-03-11
612,Customer_612,customer612@example.com,Pune,Telangana,2024-11-03
613,Customer_613,customer613@example.com,Mumbai,Gujarat,2023-12-07
614,Customer_614,customer614@example.com,Bengaluru,Delhi,2023-12-27
615,Customer_615,customer615@example.com,Kolkata,Maharashtra,2024-10-20
616,Customer_616,customer616@example.com,Bengaluru,Uttar Pradesh,2024-05-05
617,Customer_617,customer617@example.com,Bengaluru,Karnataka,2023-03-06
618,Customer_618,customer618@example.com,Lucknow,Delhi,2023-10-28
619,Customer_619,customer619@example.com,Hyderabad,Delhi,2023-07-24
620,Customer_620,customer620@example.com,Delhi,Maharashtra,2023-11-14
621,Customer_621,customer621@example.com,Kolkata,Rajasthan,2024-07-10
622,Customer_622,customer622@example.com,Lucknow,Tamil Nadu,2023-02-07
623,Customer_623,customer623@example.com,Hyderabad,Tamil Nadu,2024-01-01
624,Customer_624,customer624@example.com,Delhi,Maharashtra,2023-10-07
625,Customer_625,customer625@example.com,Mumbai,Maharashtra,2024-03-23
626,Customer_626,customer626@example.com,Jaipur,Uttar Pradesh,2024-01-31
627,Customer_627,customer627@example.com,Pune,Karnataka,2024-05-23
628,Customer_628,customer628@example.com,Lucknow,Maharashtra,2024-06-15
629,Customer_629,customer629@example.com,Chennai,Maharashtra,2024-03-10
630,Customer_630,customer630@example.com,Mumbai,Rajasthan,2024-09-08
631,Customer_631,customer631@example.com,Bengaluru,West Bengal,2023-10-28
632,Customer_632,customer632@example.com,Pune,Maharashtra,2023-03-23
633,Customer_633,customer633@example.com,Pune,Tamil Nadu,2023-11-10
634,Customer_634,customer634@example.com,Lucknow,Gujarat,2024-03-12
635,Customer_635,customer635@example.com,Bengaluru,Uttar Pradesh,2023-12-26
636,Customer_636,customer636@example.com,Lucknow,Delhi,2023-12-28
637,Customer_637,customer637@example.com,Ahmedabad,Rajasthan,2023-10-09
638,Customer_638,customer638@example.com,Delhi,Maharashtra,2024-11-18
639,Customer_639,customer639@example.com,Jaipur,Maharashtra,2024-06-09
640,Customer_640,customer640@example.com,Bengaluru,Delhi,2023-05-27
641,Customer_641,customer641@example.com,Ahmedabad,Uttar Pradesh,2023-02-05
642,Customer_642,customer642@example.com,Bengaluru,Maharashtra,2023-08-30
643,Customer_643,customer643@example.com,Pune,Maharashtra,2024-01-28
644,Customer_644,customer644@example.com,Ahmedabad,Delhi,2024-09-11
645,Customer_645,customer645@example.com,Bengaluru,Uttar Pradesh,2024-01-15
646,Customer_646,customer646@example.com,Pune,Uttar Pradesh,2023-03-20
647,Customer_647,customer647@example.com,Ahmedabad,Karnataka,2024-06-26
648,Customer_648,customer648@example.com,Pune,Rajasthan,2023-11-18
649,Customer_649,customer649@example.com,Chennai,Telangana,2023-04-27
650,Customer_650,customer650@example.com,Delhi,Karnataka,2024-05-26
651,Customer_651,customer651@example.com,Kolkata,Rajasthan,2024-07-29
652,Customer_652,customer652@example.com,Mumbai,Tamil Nadu,2023-09-24
653,Customer_653,customer653@example.com,Lucknow,Telangana,2024-09-18
654,Customer_654,customer654@example.com,Chennai,Uttar Pradesh,2023-07-24
655,Customer_655,customer655@example.com,Mumbai,Karnataka,2023-03-17
656,Customer_656,customer656@example.com,Lucknow,Karnataka,2024-03-31
657,Customer_657,customer657@example.com,Mumbai,Maharashtra,2024-11-14
658,Customer_658,customer658@example.com,Pune,Maharashtra,2024-07-17
659,Customer_659,customer659@example.com,Kolkata,Tamil Nadu,2023-11-04
660,Customer_660,customer660@example.com,Bengaluru,Karnataka,2024-01-06
661,Customer_661,customer661@example.com,Kolkata,Telangana,2023-05-05
662,Customer_662,customer662@example.com,Hyderabad,Karnataka,2023-08-31
663,Customer_663,customer663@example.com,Lucknow,Delhi,2024-01-05
664,Customer_664,customer664@example.com,Kolkata,Gujarat,2024-01-13
665,Customer_665,customer665@example.com,Lucknow,West Bengal,2023-05-13
666,Customer_666,customer666@example.com,Ahmedabad,Maharashtra,2023-03-09
667,Customer_667,customer667@example.com,Chennai,Rajasthan,2024-05-05
668,Customer_668,customer668@example.com,Kolkata,Rajasthan,2024-02-24
669,Customer_669,customer669@example.com,Ahmedabad,Maharashtra,2023-05-09
670,Customer_670,customer670@example.com,Pune,Maharashtra,2024-04-05
671,Customer_671,customer671@example.com,Lucknow,West Bengal,2023-12-19
672,Customer_672,customer672@example.com,Bengaluru,West Bengal,2024-10-17
673,Customer_673,customer673@example.com,Ahmedabad,Karnataka,2023-05-13
674,Customer_674,customer674@example.com,Jaipur,West Bengal,2023-02-26
675,Customer_675,customer675@example.com,Mumbai,West Bengal,2023-06-06
676,Customer_676,customer676@example.com,Chennai,Karnataka,2023-06-15
677,Customer_677,customer677@example.com,Pune,Telangana,2023-12-21
678,Customer_678,customer678@example.com,Kolkata,Tamil Nadu,2023-03-22
679,Customer_679,customer679@example.com,Chennai,Telangana,2024-10-12
680,Customer_680,customer680@example.com,Kolkata,Tamil Nadu,2023-05-09
681,Customer_681,customer681@example.com,Chennai,Gujarat,2024-06-30
682,Customer_682,customer682@example.com,Mumbai,West Bengal,2024-10-18
683,Customer_683,customer683@example.com,Bengaluru,Gujarat,2024-08-17
684,Customer_684,customer684@example.com,Bengaluru,Karnataka,2024-11-05
685,Customer_685,customer685@example.com,Ahmedabad,Gujarat,2023-12-12
686,Customer_686,customer686@example.com,Ahmedabad,Delhi,2023-01-30
687,Customer_687,customer687@example.com,Mumbai,Delhi,2024-10-18
688,Customer_688,customer688@example.com,Ahmedabad,Tamil Nadu,2024-10-28
689,Customer_689,customer689@example.com,Hyderabad,Gujarat,2024-03-02
690,Customer_690,customer690@example.com,Ahmedabad,Delhi,2024-05-24
691,Customer_691,customer691@example.com,Kolkata,Tamil Nadu,2024-10-19
692,Customer_692,customer692@example.com,Chennai,Uttar Pradesh,2023-09-08
693,Customer_693,customer693@example.com,Jaipur,Tamil Nadu,2024-04-09
694,Customer_694,customer694@example.com,Mumbai,Delhi,2023-06-11
695,Customer_695,customer695@example.com,Lucknow,Rajasthan,2024-05-10
696,Customer_696,customer696@example.com,Lucknow,Telangana,2023-12-15
697,Customer_697,customer697@example.com,Ahmedabad,Karnataka,2023-11-17
698,Customer_698,customer698@example.com,Pune,Maharashtra,2024-02-13
699,Customer_699,customer699@example.com,Bengaluru,Maharashtra,2024-06-11
700,Customer_700,customer700@example.com,Kolkata,Maharashtra,2023-11-23
701,Customer_701,customer701@example.com,Hyderabad,Uttar Pradesh,2023-05-06
702,Customer_702,customer702@example.com,Chennai,Uttar Pradesh,2023-09-11
703,Customer_703,customer703@example.com,Bengaluru,Maharashtra,2023-02-21
704,Customer_704,customer704@example.com,Chennai,Rajasthan,2024-09-22
705,Customer_705,customer705@example.com,Jaipur,Telangana,2023-06-13
706,Customer_706,customer706@example.com,Pune,Gujarat,2023-11-17
707,Customer_707,customer707@example.com,Hyderabad,Karnataka,2024-05-25
708,Customer_708,customer708@example.com,Kolkata,Uttar Pradesh,2024-05-25
709,Customer_709,customer709@example.com,Chennai,Uttar Pradesh,2023-01-24
710,Customer_710,customer710@example.com,Mumbai,Rajasthan,2024-06-01
711,Customer_711,customer711@example.com,Lucknow,Telangana,2023-08-09
712,Customer_712,customer712@example.com,Ahmedabad,Maharashtra,2023-02-19
713,Customer_713,customer713@example.com,Delhi,Tamil Nadu,2024-05-21
714,Customer_714,customer714@example.com,Ahmedabad,Uttar Pradesh,2023-10-20
715,Customer_715,customer715@example.com,Kolkata,Delhi,2023-04-21
716,Customer_716,customer716@example.com,Jaipur,Karnataka,2023-09-28
717,Customer_717,customer717@example.com,Pune,Rajasthan,2024-01-10
718,Customer_718,customer718@example.com,Delhi,Rajasthan,2023-02-22
719,Customer_719,customer719@example.com,Ahmedabad,West Bengal,2023-07-19
720,Customer_720,customer720@example.com,Pune,West Bengal,2023-10-23
721,Customer_721,customer721@example.com,Mumbai,Rajasthan,2024-05-31
722,Customer_722,customer722@example.com,Lucknow,West Bengal,2023-10-14
723,Customer_723,customer723@example.com,Ahmedabad,Gujarat,2023-05-02
724,Customer_724,customer724@example.com,Bengaluru,Maharashtra,2024-02-08
725,Customer_725,customer725@example.com,Pune,Maharashtra,2024-07-25
726,Customer_726,customer726@example.com,Pune,Karnataka,2023-07-23
727,Customer_727,customer727@example.com,Ahmedabad,West Bengal,2024-02-16
728,Customer_728,customer728@example.com,Kolkata,Delhi,2023-02-16
729,Customer_729,customer729@example.com,Delhi,Karnataka,2023-12-08
730,Customer_730,customer730@example.com,Lucknow,West Bengal,2024-04-12
731,Customer_731,customer731@example.com,Bengaluru,Gujarat,2024-06-11
732,Customer_732,customer732@example.com,Bengaluru,Maharashtra,2024-09-19
733,Customer_733,customer733@example.com,Pune,Karnataka,2024-02-07
734,Customer_734,customer734@example.com,Ahmedabad,Tamil Nadu,2024-08-30
735,Customer_735,customer735@example.com,Pune,West Bengal,2024-06-05
736,Customer_736,customer736@example.com,Kolkata,Uttar Pradesh,2024-07-30
737,Customer_737,customer737@example.com,Chennai,Uttar Pradesh,2023-01-18
738,Customer_738,customer738@example.com,Pune,Maharashtra,2024-11-20
739,Customer_739,customer739@example.com,Mumbai,Rajasthan,2024-08-20
740,Customer_740,customer740@example.com,Chennai,Delhi,2024-09-03
741,Customer_741,customer741@example.com,Lucknow,Tamil Nadu,2024-11-02
742,Customer_742,customer742@example.com,Ahmedabad,Gujarat,2023-08-22
743,Customer_743,customer743@example.com,Delhi,Gujarat,2024-05-06
744,Customer_744,customer744@example.com,Bengaluru,West Bengal,2024-10-06
745,Customer_745,customer745@example.com,Ahmedabad,Rajasthan,2023-06-01
746,Customer_746,customer746@example.com,Hyderabad,Delhi,2024-08-09
747,Customer_747,customer747@example.com,Mumbai,Telangana,2023-01-20
748,Customer_748,customer748@example.com,Lucknow,Maharashtra,2024-03-04
749,Customer_749,customer749@example.com,Bengaluru,Rajasthan,2023-07-28
750,Customer_750,customer750@example.com,Jaipur,West Bengal,2024-09-18
751,Customer_751,customer751@example.com,Lucknow,Delhi,2023-05-22
752,Customer_752,customer752@example.com,Kolkata,Telangana,2024-07-28
753,Customer_753,customer753@example.com,Pune,Uttar Pradesh,2024-06-22
754,Customer_754,customer754@example.com,Jaipur,Maharashtra,2023-06-27
755,Customer_755,customer755@example.com,Lucknow,West Bengal,2023-12-17
756,Customer_756,customer756@example.com,Kolkata,Maharashtra,2024-11-23
757,Customer_757,customer757@example.com,Chennai,Gujarat,2024-05-10
758,Customer_758,customer758@example.com,Hyderabad,Telangana,2023-10-13
759,Customer_759,customer759@example.com,Kolkata,Tamil Nadu,2023-08-19
760,Customer_760,customer760@example.com,Chennai,Tamil Nadu,2023-08-01
761,Customer_761,customer761@example.com,Lucknow,Maharashtra,2024-05-06
762,Customer_762,customer762@example.com,Pune,West Bengal,2023-10-08
763,Customer_763,customer763@example.com,Chennai,Maharashtra,2024-08-10
764,Customer_764,customer764@example.com,Kolkata,Rajasthan,2024-02-09
765,Customer_765,customer765@example.com,Pune,Karnataka,2023-10-25
766,Customer_766,customer766@example.com,Delhi,Tamil Nadu,2023-03-22
767,Customer_767,customer767@example.com,Pune,Uttar Pradesh,2024-11-02
768,Customer_768,customer768@example.com,Chennai,Uttar Pradesh,2023-08-08
769,Customer_769,customer769@example.com,Hyderabad,West Bengal,2023-10-05
770,Customer_770,customer770@example.com,Kolkata,Tamil Nadu,2023-05-21
771,Customer_771,customer771@example.com,Mumbai,Gujarat,2024-08-23
772,Customer_772,customer772@example.com,Hyderabad,Telangana,2023-02-21
773,Customer_773,customer773@example.com,Kolkata,Telangana,2024-10-15
774,Customer_774,customer774@example.com,Hyderabad,Delhi,2023-04-13
775,Customer_775,customer775@example.com,Jaipur,Maharashtra,2024-04-28
776,Customer_776,customer776@example.com,Mumbai,Karnataka,2023-01-06
777,Customer_777,customer777@example.com,Kolkata,Karnataka,2024-02-21
778,Customer_778,customer778@example.com,Lucknow,Uttar Pradesh,2024-10-28
779,Customer_779,customer779@example.com,Hyderabad,Tamil Nadu,2023-11-25
780,Customer_780,customer780@example.com,Chennai,Delhi,2023-04-02
781,Customer_781,customer781@example.com,Ahmedabad,Telangana,2024-07-01
782,Customer_782,customer782@example.com,Delhi,Karnataka,2024-03-03
783,Customer_783,customer783@example.com,Bengaluru,Delhi,2024-02-11
784,Customer_784,customer784@example.com,Lucknow,Karnataka,2023-10-24
785,Customer_785,customer785@example.com,Delhi,Delhi,2023-11-02
786,Customer_786,customer786@example.com,Ahmedabad,Gujarat,2023-04-20
787,Customer_787,customer787@example.com,Pune,Tamil Nadu,2024-04-10
788,Customer_788,customer788@example.com,Kolkata,West Bengal,2024-05-20
789,Customer_789,customer789@example.com,Bengaluru,West Bengal,2024-04-24
790,Customer_790,customer790@example.com,Chennai,Telangana,2023-04-26
791,Customer_791,customer791@example.com,Pune,Karnataka,2024-04-14
792,Customer_792,customer792@example.com,Chennai,Karnataka,2023-01-15
793,Customer_793,customer793@example.com,Pune,Tamil Nadu,2024-08-04
794,Customer_794,customer794@example.com,Hyderabad,Karnataka,2024-09-17
795,Customer_795,customer795@example.com,Jaipur,Rajasthan,2024-06-11
796,Customer_796,customer796@example.com,Pune,Maharashtra,2024-02-15
797,Customer_797,customer797@example.com,Mumbai,Karnataka,2023-05-24
798,Customer_798,customer798@example.com,Lucknow,Maharashtra,2023-09-12
799,Customer_799,customer799@example.com,Delhi,Tamil Nadu,2024-01-28
800,Customer_800,customer800@example.com,Hyderabad,Uttar Pradesh,2023-10-01
801,Customer_801,customer801@example.com,Pune,Tamil Nadu,2024-08-19
802,Customer_802,customer802@example.com,Ahmedabad,Delhi,2023-09-25
803,Customer_803,customer803@example.com,Pune,Telangana,2023-03-05
804,Customer_804,customer804@example.com,Mumbai,Uttar Pradesh,2023-11-11
805,Customer_805,customer805@example.com,Bengaluru,Rajasthan,2024-05-29
806,Customer_806,customer806@example.com,Chennai,Maharashtra,2024-10-16
807,Customer_807,customer807@example.com,Chennai,Maharashtra,2024-09-21
808,Customer_808,customer808@example.com,Hyderabad,Telangana,2023-05-17
809,Customer_809,customer809@example.com,Lucknow,Karnataka,2024-04-10
810,Customer_810,customer810@example.com,Ahmedabad,Maharashtra,2024-03-01
811,Customer_811,customer811@example.com,Kolkata,Uttar Pradesh,2024-07-04
812,Customer_812,customer812@example.com,Hyderabad,Telangana,2024-11-27
813,Customer_813,customer813@example.com,Ahmedabad,Maharashtra,2024-06-22
814,Customer_814,customer814@example.com,Lucknow,West Bengal,2024-01-06
815,Customer_815,customer815@example.com,Mumbai,Gujarat,2023-04-25
816,Customer_816,customer816@example.com,Delhi,West Bengal,2024-06-01
817,Customer_817,customer817@example.com,Hyderabad,Gujarat,2024-07-03
818,Customer_818,customer818@example.com,Bengaluru,Karnataka,2023-12-02
819,Customer_819,customer819@example.com,Kolkata,Uttar Pradesh,2023-04-30
820,Customer_820,customer820@example.com,Hyderabad,Gujarat,2024-05-15
821,Customer_821,customer821@example.com,Mumbai,West Bengal,2024-04-01
822,Customer_822,customer822@example.com,Delhi,Uttar Pradesh,2023-05-16
823,Customer_823,customer823@example.com,Kolkata,Rajasthan,2024-04-12
824,Customer_824,customer824@example.com,Ahmedabad,Delhi,2024-07-26
825,Customer_825,customer825@example.com,Lucknow,Tamil Nadu,2023-01-23
826,Customer_826,customer826@example.com,Jaipur,Tamil Nadu,2023-01-04
827,Customer_827,customer827@example.com,Hyderabad,Gujarat,2023-03-16
828,Customer_828,customer828@example.com,Delhi,Rajasthan,2023-12-19
829,Customer_829,customer829@example.com,Mumbai,West Bengal,2023-03-03
830,Customer_830,customer830@example.com,Mumbai,Uttar Pradesh,2023-02-02
831,Customer_831,customer831@example.com,Chennai,Rajasthan,2023-07-04
832,Customer_832,customer832@example.com,Bengaluru,Rajasthan,2024-01-19
833,Customer_833,customer833@example.com,Jaipur,Uttar Pradesh,2024-01-22
834,Customer_834,customer834@example.com,Jaipur,Maharashtra,2024-11-30
835,Customer_835,customer835@example.com,Kolkata,Karnataka,2024-10-31
836,Customer_836,customer836@example.com,Pune,Maharashtra,2023-07-02
837,Customer_837,customer837@example.com,Kolkata,Rajasthan,2024-06-25
838,Customer_838,customer838@example.com,Bengaluru,Telangana,2023-01-04
839,Customer_839,customer839@example.com,Delhi,Tamil Nadu,2024-04-19
840,Customer_840,customer840@example.com,Kolkata,Rajasthan,2024-06-28
841,Customer_841,customer841@example.com,Jaipur,Telangana,2023-09-11
842,Customer_842,customer842@example.com,Lucknow,Maharashtra,2023-06-08
843,Customer_843,customer843@example.com,Chennai,Telangana,2023-04-26
844,Customer_844,customer844@example.com,Delhi,Rajasthan,2024-09-21
845,Customer_845,customer845@example.com,Delhi,Telangana,2023-07-31
846,Customer_846,customer846@example.com,Mumbai,Maharashtra,2024-08-31
847,Customer_847,customer847@example.com,Delhi,Uttar Pradesh,2024-09-04
848,Customer_848,customer848@example.com,Delhi,Telangana,2023-02-15
849,Customer_849,customer849@example.com,Jaipur,Uttar Pradesh,2023-08-28
850,Customer_850,customer850@example.com,Kolkata,Telangana,2023-02-27
851,Customer_851,customer851@example.com,Bengaluru,West Bengal,2023-10-24
852,Customer_852,customer852@example.com,Hyderabad,Gujarat,2023-11-23
853,Customer_853,customer853@example.com,Ahmedabad,Gujarat,2024-11-19
854,Customer_854,customer854@example.com,Pune,Telangana,2023-11-06
855,Customer_855,customer855@example.com,Bengaluru,West Bengal,2023-08-15
856,Customer_856,customer856@example.com,Jaipur,Tamil Nadu,2023-10-09
857,Customer_857,customer857@example.com,Delhi,West Bengal,2024-08-28
858,Customer_858,customer858@example.com,Bengaluru,Rajasthan,2024-07-23
859,Customer_859,customer859@example.com,Lucknow,Delhi,2023-12-19
860,Customer_860,customer860@example.com,Jaipur,West Bengal,2023-11-23
861,Customer_861,customer861@example.com,Jaipur,Rajasthan,2023-06-02
862,Customer_862,customer862@example.com,Chennai,Rajasthan,2023-07-08
863,Customer_863,customer863@example.com,Kolkata,Uttar Pradesh,2023-09-04
864,Customer_864,customer864@example.com,Hyderabad,Tamil Nadu,2023-05-28
865,Customer_865,customer865@example.com,Lucknow,Delhi,2024-07-29
866,Customer_866,customer866@example.com,Jaipur,Rajasthan,2024-07-24
867,Customer_867,customer867@example.com,Kolkata,Karnataka,2024-02-02
868,Customer_868,customer868@example.com,Hyderabad,Tamil Nadu,2023-07-28
869,Customer_869,customer869@example.com,Pune,Maharashtra,2024-04-05
870,Customer_870,customer870@example.com,Pune,Maharashtra,2024-07-02
871,Customer_871,customer871@example.com,Hyderabad,Delhi,2023-10-02
872,Customer_872,customer872@example.com,Jaipur,Gujarat,2024-09-09
873,Customer_873,customer873@example.com,Delhi,Maharashtra,2023-07-12
874,Customer_874,customer874@example.com,Ahmedabad,West Bengal,2023-08-11
875,Customer_875,customer875@example.com,Lucknow,Telangana,2023-12-07
876,Customer_876,customer876@example.com,Chennai,Delhi,2023-08-05
877,Customer_877,customer877@example.com,Hyderabad,Maharashtra,2024-05-05
878,Customer_878,customer878@example.com,Hyderabad,Gujarat,2023-07-29
879,Customer_879,customer879@example.com,Jaipur,Telangana,2024-07-19
880,Customer_880,customer880@example.com,Pune,Tamil Nadu,2024-01-25
881,Customer_881,customer881@example.com,Lucknow,West Bengal,2024-10-26
882,Customer_882,customer882@example.com,Pune,Tamil Nadu,2023-09-25
883,Customer_883,customer883@example.com,Pune,West Bengal,2024-05-24
884,Customer_884,customer884@example.com,Lucknow,Maharashtra,2024-04-25
885,Customer_885,customer885@example.com,Pune,Telangana,2024-01-15
886,Customer_886,customer886@example.com,Pune,Rajasthan,2023-02-16
887,Customer_887,customer887@example.com,Ahmedabad,Telangana,2023-05-30
888,Customer_888,customer888@example.com,Delhi,Tamil Nadu,2024-07-20
889,Customer_889,customer889@example.com,Ahmedabad,Gujarat,2024-03-03
890,Customer_890,customer890@example.com,Chennai,Karnataka,2023-07-20
891,Customer_891,customer891@example.com,Pune,Telangana,2024-01-24
892,Customer_892,customer892@example.com,Ahmedabad,Telangana,2024-05-26
893,Customer_893,customer893@example.com,Kolkata,Maharashtra,2023-09-21
894,Customer_894,customer894@example.com,Lucknow,Uttar Pradesh,2024-04-16
895,Customer_895,customer895@example.com,Bengaluru,Maharashtra,2023-06-23
896,Customer_896,customer896@example.com,Bengaluru,West Bengal,2024-05-15
897,Customer_897,customer897@example.com,Bengaluru,West Bengal,2024-10-19
898,Customer_898,customer898@example.com,Delhi,West Bengal,2023-02-04
899,Customer_899,customer899@example.com,Mumbai,Delhi,2023-01-07
900,Customer_900,customer900@example.com,Jaipur,Karnataka,2024-10-07
901,Customer_901,customer901@example.com,Hyderabad,Maharashtra,2023-06-04
902,Customer_902,customer902@example.com,Delhi,Telangana,2024-06-01
903,Customer_903,customer903@example.com,Lucknow,Maharashtra,2023-03-03
904,Customer_904,customer904@example.com,Ahmedabad,Gujarat,2024-05-09
905,Customer_905,customer905@example.com,Lucknow,Delhi,2023-01-07
906,Customer_906,customer906@example.com,Kolkata,West Bengal,2024-02-26
907,Customer_907,customer907@example.com,Delhi,Delhi,2024-06-26
908,Customer_908,customer908@example.com,Chennai,West Bengal,2023-10-21
909,Customer_909,customer909@example.com,Delhi,West Bengal,2024-11-21
910,Customer_910,customer910@example.com,Jaipur,Karnataka,2023-04-20
911,Customer_911,customer911@example.com,Mumbai,West Bengal,2023-06-02
912,Customer_912,customer912@example.com,Hyderabad,Telangana,2024-09-26
913,Customer_913,customer913@example.com,Kolkata,Tamil Nadu,2023-12-29
914,Customer_914,customer914@example.com,Chennai,Rajasthan,2023-03-22
915,Customer_915,customer915@example.com,Pune,Rajasthan,2024-04-15
916,Customer_916,customer916@example.com,Ahmedabad,Telangana,2023-08-20
917,Customer_917,customer917@example.com,Chennai,Maharashtra,2024-10-31
918,Customer_918,customer918@example.com,Delhi,Maharashtra,2024-02-20
919,Customer_919,customer919@example.com,Jaipur,Rajasthan,2024-07-19
920,Customer_920,customer920@example.com,Lucknow,Delhi,2024-10-14
921,Customer_921,customer921@example.com,Delhi,Karnataka,2023-03-26
922,Customer_922,customer922@example.com,Lucknow,Rajasthan,2024-10-22
923,Customer_923,customer923@example.com,Pune,Gujarat,2023-04-08
924,Customer_924,customer924@example.com,Kolkata,Delhi,2023-08-24
925,Customer_925,customer925@example.com,Hyderabad,Gujarat,2024-05-01
926,Customer_926,customer926@example.com,Chennai,Delhi,2023-03-18
927,Customer_927,customer927@example.com,Chennai,West Bengal,2024-07-31
928,Customer_928,customer928@example.com,Delhi,Karnataka,2023-11-19
929,Customer_929,customer929@example.com,Delhi,Telangana,2024-08-24
930,Customer_930,customer930@example.com,Bengaluru,Rajasthan,2023-03-20
931,Customer_931,customer931@example.com,Chennai,Karnataka,2024-07-31
932,Customer_932,customer932@example.com,Hyderabad,Gujarat,2024-02-03
933,Customer_933,customer933@example.com,Kolkata,Maharashtra,2024-01-29
934,Customer_934,customer934@example.com,Bengaluru,Maharashtra,2024-05-27
935,Customer_935,customer935@example.com,Pune,Delhi,2023-04-11
936,Customer_936,customer936@example.com,Jaipur,Telangana,2023-03-19
937,Customer_937,customer937@example.com,Pune,Gujarat,2024-09-20
938,Customer_938,customer938@example.com,Ahmedabad,Rajasthan,2023-12-01
939,Customer_939,customer939@example.com,Delhi,Tamil Nadu,2024-04-06
940,Customer_940,customer940@example.com,Lucknow,Telangana,2023-12-31
941,Customer_941,customer941@example.com,Kolkata,Rajasthan,2024-03-18
942,Customer_942,customer942@example.com,Bengaluru,Gujarat,2024-11-07
943,Customer_943,customer943@example.com,Jaipur,Maharashtra,2024-09-25
944,Customer_944,customer944@example.com,Chennai,Telangana,2023-03-17
945,Customer_945,customer945@example.com,Mumbai,Tamil Nadu,2023-06-07
946,Customer_946,customer946@example.com,Jaipur,Karnataka,2024-02-03
947,Customer_947,customer947@example.com,Pune,Maharashtra,2023-04-20
948,Customer_948,customer948@example.com,Mumbai,Delhi,2023-11-12
949,Customer_949,customer949@example.com,Lucknow,Maharashtra,2023-10-04
950,Customer_950,customer950@example.com,Mumbai,Karnataka,2023-03-31
951,Customer_951,customer951@example.com,Bengaluru,Rajasthan,2024-04-04
952,Customer_952,customer952@example.com,Kolkata,West Bengal,2024-06-08
953,Customer_953,customer953@example.com,Jaipur,Maharashtra,2023-01-27
954,Customer_954,customer954@example.com,Mumbai,Maharashtra,2024-07-21
955,Customer_955,customer955@example.com,Mumbai,Gujarat,2024-09-04
956,Customer_956,customer956@example.com,Pune,Rajasthan,2023-01-13
957,Customer_957,customer957@example.com,Chennai,Rajasthan,2024-02-02
958,Customer_958,customer958@example.com,Mumbai,West Bengal,2023-09-06
959,Customer_959,customer959@example.com,Ahmedabad,West Bengal,2023-06-23
960,Customer_960,customer960@example.com,Jaipur,Karnataka,2023-05-23
961,Customer_961,customer961@example.com,Chennai,Tamil Nadu,2023-10-02
962,Customer_962,customer962@example.com,Lucknow,Karnataka,2023-03-06
963,Customer_963,customer963@example.com,Bengaluru,Rajasthan,2023-10-10
964,Customer_964,customer964@example.com,Jaipur,Tamil Nadu,2024-05-10
965,Customer_965,customer965@example.com,Mumbai,Maharashtra,2023-09-15
966,Customer_966,customer966@example.com,Hyderabad,Uttar Pradesh,2024-08-31
967,Customer_967,customer967@example.com,Ahmedabad,Telangana,2024-04-13
968,Customer_968,customer968@example.com,Mumbai,Karnataka,2023-11-08
969,Customer_969,customer969@example.com,Delhi,Rajasthan,2023-12-07
970,Customer_970,customer970@example.com,Ahmedabad,Rajasthan,2023-12-04
971,Customer_971,customer971@example.com,Lucknow,Maharashtra,2024-03-16
972,Customer_972,customer972@example.com,Ahmedabad,Karnataka,2023-11-04
973,Customer_973,customer973@example.com,Pune,Gujarat,2023-07-25
974,Customer_974,customer974@example.com,Lucknow,Maharashtra,2023-07-01
975,Customer_975,customer975@example.com,Jaipur,Maharashtra,2023-10-26
976,Customer_976,customer976@example.com,Lucknow,Gujarat,2023-09-06
977,Customer_977,customer977@example.com,Pune,Rajasthan,2023-10-15
978,Customer_978,customer978@example.com,Jaipur,Maharashtra,2023-04-27
979,Customer_979,customer979@example.com,Ahmedabad,Telangana,2024-08-29
980,Customer_980,customer980@example.com,Kolkata,Karnataka,2024-11-29
981,Customer_981,customer981@example.com,Kolkata,Delhi,2024-04-17
982,Customer_982,customer982@example.com,Hyderabad,Uttar Pradesh,2023-10-26
983,Customer_983,customer983@example.com,Mumbai,Rajasthan,2024-11-20
984,Customer_984,customer984@example.com,Lucknow,Karnataka,2024-10-10
985,Customer_985,customer985@example.com,Chennai,Telangana,2023-09-16
986,Customer_986,customer986@example.com,Bengaluru,Rajasthan,2024-01-22
987,Customer_987,customer987@example.com,Mumbai,Uttar Pradesh,2024-09-04
988,Customer_988,customer988@example.com,Lucknow,Gujarat,2024-02-15
989,Customer_989,customer989@example.com,Kolkata,West Bengal,2024-03-04
990,Customer_990,customer990@example.com,Kolkata,Delhi,2024-01-04
991,Customer_991,customer991@example.com,Kolkata,Gujarat,2024-10-15
992,Customer_992,customer992@example.com,Mumbai,Maharashtra,2023-09-12
993,Customer_993,customer993@example.com,Pune,Karnataka,2024-10-24
994,Customer_994,customer994@example.com,Ahmedabad,Delhi,2024-07-30
995,Customer_995,customer995@example.com,Jaipur,Maharashtra,2024-03-16
996,Customer_996,customer996@example.com,Mumbai,Delhi,2023-04-11
997,Customer_997,customer997@example.com,Chennai,Telangana,2024-06-06
998,Customer_998,customer998@example.com,Kolkata,West Bengal,2024-08-17
999,Customer_999,customer999@example.com,Ahmedabad,Telangana,2024-04-01
1000,Customer_1000,customer1000@example.com,Pune,Rajasthan,2024-04-19
